<?xml version="1.0" encoding="utf-8"?>
<blog><title>Новасти ностольного чемпионата</title><author>Admin Karim</author><entries><entry><date>24/2/2015</date><body>hshgfhfdd            </body></entry><entry><date>24/2/2015</date><body>khgkghkkfkkkkkkkkk    </body></entry><entry><date>25/2/2015</date><body>khgkghkkfkkkkkkkkk    </body></entry><entry><date>23/2/2015</date><body>            </body></entry><entry><date>28/2/2015</date><body>        gf888888888888    </body></entry><entry><date>28/2/2015</date><body>            0000000000</body><image>news/54ecc4ff15e751347844282_foto-prikoly-11.jpg</image></entry><entry><date>24/5/2015</date><body>            83333333</body></entry><entry><date>1/1/2015</date><body>            mmmmmmmm</body></entry><entry><date>24/2/2015</date><body>            </body><image>news/54ecce844eddc1347844282_foto-prikoly-11.jpg</image></entry><entry><date>24/6/2015</date><body>            </body><image>news/54ecce9bcd8381347844282_foto-prikoly-11.jpg</image></entry><entry><date>25/2/2015</date><body>Я люблю маму!!!!!!!</body><image>news/54ed0217c05eb1347844282_foto-prikoly-11.jpg</image></entry></entries></blog>
